Job Title,Skill
Business Analyst,Business Analysis
Business Analyst,Business Requirements
Business Analyst,Business Processes
Business Analyst,User Stories
Business Analyst,User Acceptance Testing
Business Analyst,Functional Specifications
Business Analyst,Requirement Gathering
Business Analyst,Microsoft Power BI
Business Analyst,SQL Query Language
Business Analyst,Functional Requirements
Business Analyst,Data Analysis
Business Analyst,Analytical Thinking
Business Analyst,Tableau
Business Analyst,Test Cases
Business Analyst,Software Development Lifecycle
Business Analyst,Agile Methodologies
Business Analyst,Diagramming
Business Analyst,Documentation
Business Analyst,Scrum Methodology
Business Analyst,Process Improvement
Machine Learning Engineer,Machine Learning
Machine Learning Engineer,Tensorflow Software
Machine Learning Engineer,PyTorch
Machine Learning Engineer,Scikit-Learn
Machine Learning Engineer,Algorithms
Machine Learning Engineer,Python Programming
Machine Learning Engineer,AWS
Machine Learning Engineer,Data Science
Machine Learning Engineer,Natural Language Processing
Machine Learning Engineer,Google Cloud
Machine Learning Engineer,Microsoft Azure
Machine Learning Engineer,Deployment
Machine Learning Engineer,Programming Skills
Machine Learning Engineer,Pipelines
Machine Learning Engineer,Generative AI
Machine Learning Engineer,Java Programming
Machine Learning Engineer,Kubernetes
Machine Learning Engineer,Large Language Models
Machine Learning Engineer,Software Development
Machine Learning Engineer,C++ Programming
Data Scientist,Machine Learning
Data Scientist,Data Science
Data Scientist,Python Programming
Data Scientist,Statistics
Data Scientist,Algorithms
Data Scientist,SQL Query Language
Data Scientist,Mathematics
Data Scientist,Statistical Modelling
Data Scientist,Computer Science
Data Scientist,Natural Language Processing
Data Scientist,Data Visualisation
Data Scientist,Predictive Modeling
Data Scientist,Data Mining
Data Scientist,Clustering
Data Scientist,Programming Languages
Data Scientist,Data Manipulation
Data Scientist,Microsoft Power BI
Data Scientist,AWS
Data Scientist,Data Analysis
Data Scientist,Tensorflow Software
Data Analyst,SQL Query Language
Data Analyst,Microsoft Power BI
Data Analyst,Statistics
Data Analyst,Data Analysis
Data Analyst,Tableau
Data Analyst,Data Visualisation
Data Analyst,Mathematics
Data Analyst,Python Programming
Data Analyst,Data Science
Data Analyst,Analysis
Data Analyst,Data Quality
Data Analyst,Data Visualisation Tool
Data Analyst,Data Management
Data Analyst,Looker Studio
Data Analyst,Microsoft Excel
Data Analyst,Database Systems
Data Analyst,Computer Science
Data Analyst,Data Collection
Data Analyst,Analytical Thinking
Data Analyst,Data Warehousing
Automation Engineer,Automation
Automation Engineer,Automation Testing
Automation Engineer,Python Programming
Automation Engineer,Test Cases
Automation Engineer,Plc Programming
Automation Engineer,Automation Systems
Automation Engineer,Java Programming
Automation Engineer,CI/CD
Automation Engineer,XUnit Test Framework
Automation Engineer,Test Plans
Automation Engineer,Human Machine Interface
Automation Engineer,Troubleshooting
Automation Engineer,Control Systems
Automation Engineer,Git Version Control System
Automation Engineer,Sourcetree
Automation Engineer,C# Programming
Automation Engineer,Jbehave Framework
Automation Engineer,Instrumentation
Automation Engineer,JavaScript Programming
Automation Engineer,Performance Testing
